Country,Region,Happiness Rank,Happiness_Score,Standard Error,Economy (GDP per Capita),Family,Health (Life Expectancy),Freedom,Trust (Government Corruption),Generosity,Dystopia Residual,Year,Status,Life_expectancy ,Adult Mortality,infant deaths,Alcohol,percentage expenditure,Hepatitis B,Measles , BMI ,under-five deaths ,Polio,Total expenditure,Diphtheria , HIV/AIDS,GDP,Population, thinness  1-19 years, thinness 5-9 years,Income composition of resources,Schooling,Indicator Name,Poverty_Rate,GDP_Growth_Annual,DALYs (Disability-Adjusted Life Years)_AllCauses,Physician_Presence,Child_Mortality_Under_5,Undernourishment_Prevalence_percent,Total_Avg_Household_Size_x,Total_Avg_Household_Size_y,Unemployment_Total_Percent,Adolescent_Fertility_Rate,Hygiene_Mortality_Rate,Electricity_Access_Percent,Air_Pollution_Mortality,Basic_Sanitation_Percent
Switzerland,Western Europe,1,7.587,0.03411,1.39651,1.34951,0.94143,0.66557,0.41978,0.29678,2.51738,2015,Developed,83.4,49,0,,0,,35,57.4,0,97,,97,0.1,8989.8424,8282396,0.4,0.3,0.938,16,Poverty headcount ratio at national poverty lines (% of population),14.7,1.333369082,17485.39446,4.1898,4.3,3.059,,,4.80100012,3.059,0.1,100,10.1,99.89097323
Iceland,Western Europe,2,7.561,0.04884,1.30232,1.40223,0.94784,0.62877,0.14145,0.4363,2.70201,2015,Developed,82.7,49,0,,0,,0,61,0,92,,92,0.1,5734.4436,33815,1,0.9,0.919,19,Poverty headcount ratio at national poverty lines (% of population),8.8,4.748984991,17671.59016,3.7826,2.2,7.5054,,,3.97900009,7.5054,0.1,100,8.7,98.78311465
Denmark,Western Europe,3,7.527,0.03328,1.32548,1.36058,0.87464,0.64938,0.48357,0.34139,2.49204,2015,Developed,86,71,0,,0,,9,58.8,0,93,,93,0.1,5314.64416,5683483,1.1,0.9,0.923,19.2,Poverty headcount ratio at national poverty lines (% of population),11.9,2.34259043,19297.93662,3.9257,4.1,4.2482,,,6.16800022,4.2482,0.3,100,13.2,99.59722761
Norway,Western Europe,4,7.522,0.0388,1.459,1.33095,0.88521,0.66973,0.36503,0.34699,2.46531,2015,Developed,81.8,59,0,5.97,0,,14,61.2,0,95,,95,0.1,7455.24654,518867,0.8,0.7,0.948,17.7,Poverty headcount ratio at national poverty lines (% of population),12.2,1.967128438,18790.49296,2.6474,2.7,5.5002,,,4.296,5.5002,0.2,100,8.6,98.05672699
Canada,North America,5,7.427,0.03553,1.32629,1.32261,0.90563,0.63297,0.32957,0.45811,2.45176,2015,Developing,82.2,64,2,,0,55,195,67,2,91,,91,0.1,43315.744,3584861,0.6,0.5,0.919,16.3,Poverty headcount ratio at national poverty lines (% of population),,0.659176889,19440.61236,2.5388,5.3,9.6298,,,6.90600014,9.6298,0.4,100,7,99.36312098
Finland,Western Europe,6,7.406,0.0314,1.29025,1.31826,0.88911,0.64169,0.41372,0.23351,2.61955,2015,Developing,81.1,76,0,,0,,2,62.1,0,97,,97,0.1,4245.39744,5479531,0.9,0.8,0.893,17,Poverty headcount ratio at national poverty lines (% of population),11.6,0.543559262,19473.31116,3.3309,2.5,6.457,,,9.3760004,6.457,0.1,100,7.2,99.4478672
Netherlands,Western Europe,7,7.378,0.02799,1.32944,1.28017,0.89284,0.61576,0.31814,0.4761,2.4657,2015,Developed,81.9,57,1,,0,94,7,62.1,1,95,,95,0.1,44292.88473,16939923,1,0.9,0.923,18.1,Poverty headcount ratio at national poverty lines (% of population),12.7,1.959169691,18711.01309,3.4917,4,4.052,,,6.87200022,4.052,0.2,100,13.7,97.7353052
Sweden,Western Europe,8,7.364,0.03157,1.33171,1.28907,0.91087,0.6598,0.43844,0.36262,2.37119,2015,Developed,82.4,53,0,,0,67,22,59.5,0,98,,98,0.1,5585.25847,9799186,1.5,1.4,0.909,15.9,Poverty headcount ratio at national poverty lines (% of population),16.2,4.489281588,18263.57589,4.2856,2.9,5.2108,,,7.43200016,5.2108,0.2,100,7.2,99.3002379
New Zealand,Australia and New Zealand,9,7.286,0.03371,1.25018,1.31967,0.90837,0.63938,0.42922,0.47501,2.26425,2015,Developed,81.6,66,0,8.7,0,92,10,67.5,0,92,,92,0.1,3821.8937,,0.4,0.3,0.913,19.2,Poverty headcount ratio at national poverty lines (% of population),,3.618967819,20500.57684,3.2961,5.5,20.7336,,,5.36499977,20.7336,0.1,100,7.2,100
Australia,Australia and New Zealand,10,7.284,0.04083,1.33358,1.30923,0.93156,0.65124,0.35637,0.43562,2.26646,2015,Developed,82.8,59,1,,0,93,74,66.6,1,93,,93,0.1,56554.3876,23789338,0.6,0.6,0.937,20.4,Poverty headcount ratio at national poverty lines (% of population),,2.192640028,18987.83926,3.4886,3.9,11.9498,,,6.0539999,11.9498,0.1,100,8.4,99.99115238
Israel,Middle East and Northern Africa,11,7.278,0.0347,1.22857,1.22393,0.91387,0.41319,0.07785,0.33172,3.08854,2015,Developing,82.5,58,0,,0,96,80,64.9,1,95,,95,0.1,35729.37253,8381,1.2,1.1,0.898,16,Poverty headcount ratio at national poverty lines (% of population),,2.290092123,17783.98721,3.4618,3.9,10.3814,,,5.25099993,10.3814,0.2,100,15.4,100.0000015
Costa Rica,Latin America and Caribbean,12,7.226,0.04454,0.95578,1.23788,0.86027,0.63376,0.10583,0.25497,3.17728,2015,Developing,79.6,95,1,,0,92,0,6.5,1,92,,92,0.1,1146.36273,487852,1.7,1.7,0.775,14.2,Poverty headcount ratio at national poverty lines (% of population),21.7,3.631731442,20488.73072,1.3794,9,55.9828,,,8.9989996,55.9828,0.9,99.409804,23.3,97.27143763
Austria,Western Europe,13,7.2,0.03751,1.33723,1.29704,0.89042,0.62433,0.18676,0.33088,2.5332,2015,Developed,81.5,65,0,,0,93,309,57.6,0,93,,93,0.1,43665.947,8633169,1.9,2.1,0.892,15.9,Poverty headcount ratio at national poverty lines (% of population),14.1,1.014501586,18994.10176,5.1035,3.7,7.7896,,,5.72300005,7.7896,0.1,100,15.3,99.97670878
Mexico,Latin America and Caribbean,14,7.187,0.04176,1.02054,0.91451,0.81444,0.48181,0.21312,0.14074,3.60214,2015,Developing,76.7,122,30,,0,82,0,63.5,35,87,,87,0.1,9143.128494,12589949,1.5,1.5,0.758,13.3,Poverty headcount ratio at national poverty lines (% of population),,3.287991599,25571.05552,2.3246,16.2,62.607,4.54,4.54,4.3130002,62.607,1.1,99,36.7,89.41727522
United States of America,North America,15,7.119,0.03839,1.39451,1.24711,0.86179,0.54604,0.1589,0.40105,2.51011,2015,Developed,79.3,13,23,,0,92,188,69.6,26,93,,95,0.1,,,0.8,0.6,,,,,,,,,,,,,,,,,
Brazil,Latin America and Caribbean,16,6.983,0.04076,0.98124,1.23287,0.69702,0.49049,0.17521,0.14574,3.26001,2015,Developing,75,142,42,,0,96,214,56.1,47,98,,96,0.1,8757.2622,2596218,2.7,2.6,0.754,15.2,Poverty headcount ratio at national poverty lines (% of population),,-3.545763393,28227.30695,,15.7,61.0878,,,8.42700005,61.0878,1,99.710902,29.9,86.55409175
Luxembourg,Western Europe,17,6.946,0.03499,1.56391,1.21963,0.91894,0.61583,0.37798,0.28034,1.96961,2015,Developed,82,63,0,,0,94,0,61.3,0,99,,99,0.1,1199.8223,56964,1,0.9,0.896,13.9,Poverty headcount ratio at national poverty lines (% of population),16.5,4.306432538,19310.27186,2.9222,2.9,5.3978,,,6.66900015,5.3978,0.1,100,11.6,97.61073912
Ireland,Western Europe,18,6.94,0.03676,1.33596,1.36948,0.89533,0.61777,0.28703,0.45901,1.9757,2015,Developed,81.4,64,0,,0,95,4,62.8,0,95,,95,0.1,6664.144,4676835,0.3,0.2,0.92,18.6,Poverty headcount ratio at national poverty lines (% of population),16.8,25.16253305,18875.72889,3.1498,3.7,8.8202,,,9.90600014,8.8202,0.1,100,11.9,91.04727904
Belgium,Western Europe,19,6.937,0.03595,1.30782,1.28566,0.89667,0.5845,0.2254,0.2225,2.41484,2015,Developed,81.1,74,0,,0,98,47,63.7,1,99,,99,0.1,4356.875,11274196,1,1,0.895,16.6,Poverty headcount ratio at national poverty lines (% of population),15.5,2.032788973,19910.44665,3.0138,3.9,5.2022,,,8.48200035,5.2022,0.3,100,15.7,99.48606169
United Arab Emirates,Middle East and Northern Africa,20,6.901,0.03729,1.42727,1.12575,0.80925,0.64157,0.38583,0.26428,2.24743,2015,Developing,77.1,75,1,,0,99,347,64.2,1,99,,99,0.1,3911.74689,,5.3,5.1,0.836,13.3,Poverty headcount ratio at national poverty lines (% of population),,5.105936984,31278.35203,2.2111,7.8,10.6356,,,1.90999997,10.6356,0.1,100,54.7,98.57778247
United Kingdom,Western Europe,21,6.867,0.01866,1.26637,1.28548,0.90943,0.59625,0.32067,0.51912,1.96994,,,,,,,,,,,,,,,,,,,,,,Poverty headcount ratio at national poverty lines (% of population),,2.355524306,20067.5041,2.7465,4.5,15.4136,,,5.30100012,15.4136,0.2,100,13.8,99.11255894
Oman,Middle East and Northern Africa,22,6.853,0.05335,1.36011,1.08182,0.76276,0.63274,0.32524,0.21542,2.47489,2015,Developing,76.6,99,1,,0,99,0,54.6,1,99,,99,0.1,16627.36433,,7.1,6.9,0.795,13.7,Poverty headcount ratio at national poverty lines (% of population),,4.677685594,25901.03457,2.0889,11.2,13.8308,,,3.63199997,13.8308,0.1,100,53.9,100
Venezuela,Latin America and Caribbean,23,6.81,0.06476,1.04424,1.25596,0.72052,0.42908,0.11069,0.05841,3.19131,,,,,,,,,,,,,,,,,,,,,,,,,27535.96087,,,,4.84,4.84,,,,,,
Singapore,Southeastern Asia,24,6.798,0.0378,1.52186,1.02,1.02525,0.54252,0.4921,0.31105,1.88501,2015,Developed,83.1,55,0,1.79,0,96,0,33.2,0,96,,96,0.1,53629.73746,,2.2,2.2,0.924,15.4,Poverty headcount ratio at national poverty lines (% of population),,2.988520676,15163.52511,,2.7,3.6816,,,3.78999996,3.6816,0.1,100,25.9,100
Panama,Latin America and Caribbean,25,6.786,0.0491,1.06353,1.1985,0.79661,0.5421,0.0927,0.24434,2.84848,2015,Developing,77.8,118,1,,0,73,0,57.8,1,72,,73,0.1,13134.4367,3969249,1.9,1.8,0.785,13,Poverty headcount ratio at national poverty lines (% of population),23,5.732763632,23199.81224,,16.9,83.8412,8.67,8.67,3.00200009,83.8412,1.9,95.27893829,25.8,81.14136146
Germany,Western Europe,26,6.75,0.01848,1.32792,1.29937,0.89186,0.61477,0.21843,0.28214,2.11569,2015,Developed,81,68,2,,0,88,2464,62.3,3,94,,95,0.1,41176.88158,81686611,1.1,1.1,0.924,17.1,Poverty headcount ratio at national poverty lines (% of population),16.5,1.739749823,19554.64201,4.1342,3.9,8.0822,,,4.62400007,8.0822,0.6,100,16,99.22485351
Chile,Latin America and Caribbean,27,6.67,0.058,1.10715,1.12447,0.85857,0.44132,0.12869,0.33363,2.67585,2015,Developing,85,82,2,,0,97,9,63.8,2,96,,96,0.1,13653.2264,17762681,0.8,0.8,0.845,16.3,Poverty headcount ratio at national poverty lines (% of population),11.7,2.303767036,21816.2601,2.147,7.9,46.152,,,6.5079999,46.152,0.2,99.714844,25.3,99.63102854
Qatar,Middle East and Northern Africa,28,6.611,0.06257,1.69042,1.0786,0.79733,0.6404,0.52208,0.32573,1.55674,2015,Developing,78.2,68,0,,0,99,18,69.3,0,99,,99,0.1,66346.52267,,5.2,4.9,0.855,13.4,Poverty headcount ratio at national poverty lines (% of population),,3.657510261,21794.1312,,7.8,10.4604,6.44,6.44,0.17,10.4604,0.1,100,47.4,100
France,Western Europe,29,6.575,0.03512,1.27778,1.26038,0.94579,0.55011,0.20646,0.12332,2.21126,2015,Developing,82.4,78,2,,0,86,157,62.5,3,98,,98,0.1,36526.7711,6662468,0.7,0.6,0.894,16.3,Poverty headcount ratio at national poverty lines (% of population),13.6,1.112912341,18144.9921,3.2239,4.1,5.4954,,,10.3590002,5.4954,0.3,100,9.7,98.65159917
Argentina,Latin America and Caribbean,30,6.574,0.04612,1.05351,1.24823,0.78723,0.44974,0.08484,0.11451,2.836,2015,Developing,76.3,116,8,,0,94,0,62.8,9,93,,94,0.1,13467.1236,43417765,1,0.9,0.826,17.3,Poverty headcount ratio at national poverty lines (% of population),,2.731159828,24763.47182,,11.5,63.096,,,7.75,63.096,0.4,99.82711792,26.6,94.23485077
Czech Republic,Central and Eastern Europe,31,6.505,0.04168,1.17898,1.20643,0.84483,0.46364,0.02652,0.10686,2.67782,,,,,,,,,,,,,,,,,,,,,,Poverty headcount ratio at national poverty lines (% of population),9.7,5.309238518,21717.02042,3.9516,3.2,11.484,,,5.046,11.484,0.2,100,29.6,99.13537863
Uruguay,Latin America and Caribbean,32,6.485,0.04539,1.06166,1.2089,0.8116,0.60362,0.24558,0.2324,2.32142,2015,Developing,77,116,0,,0,95,0,64,0,95,,95,0.1,15524.84247,3431552,1.5,1.4,0.794,15.5,Poverty headcount ratio at national poverty lines (% of population),9.7,0.370741267,24004.99094,,8.8,59.4974,5.93,5.93,7.48799992,59.4974,0.4,99.70948,17.5,96.20479894
Colombia,Latin America and Caribbean,33,6.477,0.05051,0.91861,1.24018,0.69077,0.53466,0.0512,0.18401,2.85737,2015,Developing,74.8,143,10,,0,91,1,57.9,12,91,,91,0.1,644.525556,48228697,2.1,1.9,0.724,13.6,Poverty headcount ratio at national poverty lines (% of population),27.8,2.955901375,21688.07758,1.9742,15.6,69.3178,4.53,4.53,8.29899979,69.3178,0.8,98.186898,37,87.54582739
Thailand,Southeastern Asia,34,6.455,0.03557,0.9669,1.26504,0.7385,0.55664,0.03187,0.5763,2.31945,2015,Developing,74.9,148,8,,0,99,154,33.6,9,99,,99,0.1,5814.863134,686576,7.7,7.7,0.738,13.6,Poverty headcount ratio at national poverty lines (% of population),7.2,3.133896962,23521.87541,0.4651,10.8,47.57,4.12,4.12,0.597,47.57,3.5,99.6,61.5,97.95530764
Saudi Arabia,Middle East and Northern Africa,35,6.411,0.04633,1.39541,1.08393,0.72025,0.31048,0.32524,0.13706,2.43872,2015,Developing,74.5,88,7,,0,98,219,68.2,8,97,,98,0.1,2732.86172,,7.8,7.6,0.845,16.1,Poverty headcount ratio at national poverty lines (% of population),,4.10640887,25848.20716,,8.4,8.5584,,,5.59000015,8.5584,0.1,100,83.7,99.80078584
Spain,Western Europe,36,6.329,0.03468,1.23011,1.31379,0.95562,0.45951,0.06398,0.18227,2.12367,2015,Developed,82.8,56,1,,0,97,115,66.6,1,97,,97,0.1,25683.84565,46447697,0.6,0.5,0.882,17.7,Poverty headcount ratio at national poverty lines (% of population),22.3,3.83517266,17284.56885,3.2166,3.3,8.2238,,,22.0569992,8.2238,0.2,100,9.9,99.90433468
Malta,Western Europe,37,6.302,0.04206,1.2074,1.30203,0.88721,0.60365,0.13586,0.51752,1.6488,2015,Developed,81.7,54,0,,0,95,2,69.6,0,97,,97,0.1,23819.4636,431874,0.8,0.8,0.853,14.6,Poverty headcount ratio at national poverty lines (% of population),16.5,10.85764213,19140.32831,2.8598,7,13.0422,,,5.37900019,13.0422,0.1,100,20.2,99.96175804
Taiwan,Eastern Asia,38,6.298,0.03868,1.29098,1.07617,0.8753,0.3974,0.08129,0.25376,2.32323,,,,,,,,,,,,,,,,,,,,,,,,,19478.0535,,,,,,,,,,,
Kuwait,Middle East and Northern Africa,39,6.295,0.04456,1.55422,1.16594,0.72492,0.55499,0.25609,0.16228,1.87634,2015,Developing,74.7,81,0,,0,99,18,71.4,1,99,,99,0.1,28975.418,,3.5,3.4,0.799,13.3,Poverty headcount ratio at national poverty lines (% of population),,0.593019617,19033.5266,2.6463,8.7,8.6948,,,2.20000005,8.6948,0.1,100,103.8,100
Suriname,Latin America and Caribbean,40,6.269,0.09811,0.99534,0.972,0.6082,0.59657,0.13633,0.16991,2.79094,2015,Developing,71.6,176,0,,0,89,0,58.3,0,89,,89,0.4,8818.982566,55328,3.5,3.5,0.723,12.7,Poverty headcount ratio at national poverty lines (% of population),,-3.411095864,33074.77719,1.0463,20.2,63.189,,,7.21999979,63.189,2,95.09519196,56.7,83.82623292
Trinidad and Tobago,Latin America and Caribbean,41,6.168,0.10895,1.21183,1.18354,0.61483,0.55884,0.0114,0.31844,2.26882,2015,Developing,71.2,17,0,,0,9,0,47.1,0,88,,96,0.3,17321.83373,13692,5.7,5.9,0.779,12.7,Poverty headcount ratio at national poverty lines (% of population),,1.823184697,28789.73765,2.6498,19.7,31.976,,,2.21099997,31.976,0.1,100,38.6,93.39890595
El Salvador,Latin America and Caribbean,42,6.13,0.05618,0.76454,1.02507,0.67737,0.4035,0.11776,0.10692,3.035,2015,Developing,73.5,178,2,,0,91,0,56.1,2,92,,91,0.2,4127.11775,6312478,1.6,1.5,0.678,13.2,Poverty headcount ratio at national poverty lines (% of population),34.9,2.395028298,32742.40035,,15.3,71.0814,5.78,5.78,3.99799991,71.0814,2,95.4,41.9,87.01041669
Guatemala,Latin America and Caribbean,43,6.123,0.05224,0.74553,1.04356,0.64425,0.57733,0.09472,0.27489,2.74255,2015,Developing,71.9,186,10,,0,74,0,5.6,12,9,,74,0.4,3923.573344,16252429,1.2,1.2,0.637,10.7,Poverty headcount ratio at national poverty lines (% of population),,4.092170577,32214.53821,,28.3,73.9864,6.07,6.07,2.50600004,73.9864,6.3,90.53462982,73.8,64.97704481
Uzbekistan,Central and Eastern Europe,44,6.003,0.04361,0.63244,1.34043,0.59772,0.65821,0.30826,0.22837,2.23741,2015,Developing,69.4,184,15,,0,99,22,44.7,17,99,,99,0.1,2137.576852,312989,3,3.1,0.697,12.1,Poverty headcount ratio at national poverty lines (% of population),,7.447705075,36480.60819,,22.8,23.79,,,5.1500001,23.79,0.4,100,81.1,100
Slovakia,Central and Eastern Europe,45,5.995,0.04267,1.16891,1.26999,0.78902,0.31751,0.03431,0.16893,2.24639,2015,Developed,76.7,19,0,,0,96,1,59.1,0,96,,96,0.1,,,1.2,1.2,0.842,15,,,,24449.40477,,,,,,,,,,,
Japan,Eastern Asia,46,5.987,0.03581,1.27074,1.25712,0.99111,0.49615,0.1806,0.10705,1.68435,2015,Developed,83.7,55,2,,0,,35,29,3,99,,96,0.1,34474.13736,127141,2.1,1.8,0.902,15.3,Poverty headcount ratio at national poverty lines (% of population),,1.222921041,16262.69543,,2.8,4.0596,,,3.4000001,4.0596,0.2,100,11.9,99.91012708
South Korea,Eastern Asia,47,5.984,0.04098,1.24461,0.95774,0.96538,0.33208,0.07857,0.18557,2.21978,,,,,,,,,,,,,,,,,,,,,,,,,17554.43882,,,,,,,,,,,
Ecuador,Latin America and Caribbean,48,5.975,0.04528,0.86402,0.99903,0.79075,0.48574,0.1809,0.11541,2.53942,2015,Developing,76.2,118,6,,0,78,0,54.2,7,84,,78,0.1,625.62224,16144368,1.2,1.1,0.739,14,Poverty headcount ratio at national poverty lines (% of population),23.3,0.098872608,25781.04278,2.0648,15.1,80.6542,,,3.61599994,80.6542,0.6,98.825883,24.5,86.09979746
Bahrain,Middle East and Northern Africa,49,5.96,0.05412,1.32376,1.21624,0.74716,0.45492,0.306,0.17362,1.73797,2015,Developing,76.9,69,0,,0,98,0,63.6,0,98,,98,0.1,22688.87824,,6.2,6.1,0.823,14.5,Poverty headcount ratio at national poverty lines (% of population),,2.863047304,21611.38696,0.9257,7.6,13.618,,,1.13,13.618,0.1,100,40.1,100
Italy,Western Europe,50,5.948,0.03914,1.25114,1.19777,0.95446,0.26236,0.02901,0.22823,2.02518,2015,Developed,82.7,56,1,,0,93,159,63.6,2,93,,93,0.1,349.14755,673582,0.6,0.6,0.881,16.3,Poverty headcount ratio at national poverty lines (% of population),20.6,0.778304351,17465.50863,3.8479,3.5,5.5016,,,11.8959999,5.5016,0.1,100,15,98.77134583
Bolivia,Latin America and Caribbean,51,5.89,0.05642,0.68133,0.97841,0.5392,0.57414,0.088,0.20536,2.82334,,,,,,,,,,,,,,,,,,,,,,Poverty headcount ratio at national poverty lines (% of population),38.6,4.857188015,31663.41662,,31,68.0956,,,3.06599998,68.0956,5.6,91.522822,63.7,56.90997987
Moldova,Central and Eastern Europe,52,5.889,0.03799,0.59448,1.01528,0.61826,0.32818,0.01615,0.20951,3.10712,,,,,,,,,,,,,,,,,,,,,,Poverty headcount ratio at national poverty lines (% of population),25.4,-0.338235296,32842.25924,2.4836,15.6,23.7558,3.08,3.08,3.69400001,23.7558,0.1,100,78.3,75.35244781
Paraguay,Latin America and Caribbean,53,5.878,0.04563,0.75985,1.30477,0.66098,0.53899,0.08242,0.3424,2.18896,2015,Developing,74,146,2,,0,93,0,5.2,3,89,,93,0.2,419.367724,6639119,2,1.9,0.692,12.3,Poverty headcount ratio at national poverty lines (% of population),26.6,3.080374008,26450.05845,,22.2,71.4732,3.25,3.25,4.55600023,71.4732,1.5,99.331532,57.5,87.66634655
Kazakhstan,Central and Eastern Europe,54,5.855,0.04114,1.12254,1.12241,0.64368,0.51649,0.08454,0.11827,2.24729,2015,Developing,72,198,4,,0,98,526,53.1,5,98,,98,0.1,159.9817,17544126,2.4,2.5,0.793,15,Poverty headcount ratio at national poverty lines (% of population),2.7,1.2,32502.77594,,11.8,30.374,4.55,4.55,4.92999983,30.374,0.4,100,62.7,97.73782708
Slovenia,Central and Eastern Europe,55,5.848,0.04251,1.18498,1.27385,0.87337,0.60855,0.03787,0.25328,1.61583,2015,Developed,88,74,0,,0,,18,6.1,0,95,,95,0.1,2729.86383,263531,1.4,1.3,0.888,17.3,Poverty headcount ratio at national poverty lines (% of population),13.9,2.210081624,20060.08361,2.8148,2.5,4.1576,,,8.96199989,4.1576,0.1,100,22.6,99.10932897
Lithuania,Central and Eastern Europe,56,5.833,0.03843,1.14723,1.25745,0.73128,0.21342,0.01031,0.02641,2.44649,2015,Developed,73.6,165,0,,0,94,50,62.4,0,93,,93,0.1,14252.42853,29491,2.6,2.6,0.846,16.5,Poverty headcount ratio at national poverty lines (% of population),21.9,2.033148074,28168.71712,4.2993,4.9,11.8836,,,9.11999989,11.8836,0.1,100,34,92.26720966
Nicaragua,Latin America and Caribbean,57,5.828,0.05371,0.59325,1.14184,0.74314,0.55475,0.19317,0.27815,2.32407,2015,Developing,74.8,145,2,,0,98,0,54,2,99,,98,0.1,295.966488,68235,1.8,1.7,0.642,11.7,Poverty headcount ratio at national poverty lines (% of population),,4.79144082,23780.59825,0.9312,19.4,88.5716,3.76,3.76,4.69999981,88.5716,2.2,83.68191528,55.7,73.39253639
Peru,Latin America and Caribbean,58,5.824,0.04615,0.90019,0.97459,0.73017,0.41496,0.05989,0.14982,2.5945,2015,Developing,75.5,123,8,,0,9,4,55.6,10,88,,9,0.1,63.343259,31376671,1.1,1.1,0.737,13.4,Poverty headcount ratio at national poverty lines (% of population),21.8,3.252244772,21914.72267,,15.7,59.0564,5.11,5.11,3,59.0564,1.3,93.852179,63.9,73.34397611
Belarus,Central and Eastern Europe,59,5.813,0.03938,1.03192,1.23289,0.73608,0.37938,0.1909,0.11046,2.1309,2015,Developing,72.3,196,0,,0,99,2,62.3,0,99,,99,0.1,5949.11677,9489616,1.9,2,0.798,15.6,Poverty headcount ratio at national poverty lines (% of population),5.1,-3.829570558,28880.10146,5.1905,4,17.2534,3,3,5.91400003,17.2534,0.1,100,60.7,97.76497652
Poland,Central and Eastern Europe,60,5.791,0.04263,1.12555,1.27948,0.77903,0.53122,0.04212,0.16759,1.86565,2015,Developed,77.5,117,2,,0,96,0,61.7,2,92,,98,0.1,12565.9876,37986412,1.9,2,0.852,16.4,Poverty headcount ratio at national poverty lines (% of population),17.3,3.839071339,23591.71254,2.3252,4.8,12.056,,,7.50099993,12.056,0.1,100,37.9,97.692105
Malaysia,Southeastern Asia,61,5.77,0.0433,1.12486,1.07023,0.72394,0.53024,0.10501,0.33075,1.88541,2015,Developing,75,123,4,,0,99,1318,4.6,4,99,,99,0.1,9643.644683,3723155,7.5,7.3,0.787,13.1,Poverty headcount ratio at national poverty lines (% of population),7.6,5.091515724,25838.48095,1.5358,8.1,13.308,,,3.0999999,13.308,0.4,100,47.4,99.55743568
Croatia,Central and Eastern Europe,62,5.759,0.04394,1.08254,0.79624,0.78805,0.25883,0.0243,0.05444,2.75414,2015,Developed,78,95,0,,0,94,206,63.7,0,94,,94,0.1,11579.6674,42364,1.5,1.4,0.823,15.3,Poverty headcount ratio at national poverty lines (% of population),19.5,2.437170928,22714.44288,3.1728,4.9,9.6774,,,16.1749992,9.6774,0.1,100,35.5,96.48719979
Libya,Middle East and Northern Africa,63,5.754,0.07832,1.13145,1.11862,0.7038,0.41668,0.11023,0.18295,2.09066,2015,Developing,72.7,138,1,,0,97,82,64.8,2,97,,97,0.1,,,5.8,5.5,0.719,13.4,Poverty headcount ratio at national poverty lines (% of population),,-8.862039363,31305.37981,1.8943,13.3,5.9114,,,18.8810005,5.9114,0.6,73.4256134,71.9,99.86315789
Russia,Central and Eastern Europe,64,5.716,0.03135,1.13764,1.23617,0.66926,0.36679,0.03005,0.00199,2.27394,,,,,,,,,,,,,,,,,,,,,,,,,33654.45847,,,,,,,,,,,
Jamaica,Latin America and Caribbean,65,5.709,0.13693,0.81038,1.15102,0.68741,0.50442,0.02299,0.2123,2.32038,2015,Developing,76.2,125,1,,0,91,0,54.2,1,91,,91,0.5,4965.989857,2871934,1.8,1.7,0.729,12.8,Poverty headcount ratio at national poverty lines (% of population),,0.92268214,28409.90119,0.4147,15.6,55.9558,,,13.5109997,55.9558,0.6,94.9,25.4,86.94518239
North Cyprus,Western Europe,66,5.695,0.05635,1.20806,1.07008,0.92356,0.49027,0.1428,0.26169,1.59888,,,,,,,,,,,,,,,,,,,,,,,,,,,,,,,,,,,,
Cyprus,Western Europe,67,5.689,0.0558,1.20813,0.89318,0.92356,0.40672,0.06146,0.30638,1.88931,2015,Developed,85,52,0,,0,97,0,6.3,0,97,,97,0.1,2375.1127,116985,1,1,0.854,14.3,Poverty headcount ratio at national poverty lines (% of population),16.1,3.374668503,18530.42709,2.6236,2.7,4.8136,,,14.908,4.8136,0.3,100,20.1,99.25604513
Algeria,Middle East and Northern Africa,68,5.605,0.05099,0.93929,1.07772,0.61766,0.28579,0.17383,0.07822,2.43209,2015,Developing,75.6,19,21,,0,95,63,59.5,24,95,,95,0.1,4132.76292,39871528,6,5.8,0.743,14.4,Poverty headcount ratio at national poverty lines (% of population),,3.700000001,25247.56276,,25.2,10.665,6.2,6.2,11.2060003,10.665,1.9,99.93136597,49.7,87.49671674
Kosovo,Central and Eastern Europe,69,5.589,0.05018,0.80148,0.81198,0.63132,0.24749,0.04741,0.2831,2.76579,,,,,,,,,,,,,,,,,,,,,,Poverty headcount ratio at national poverty lines (% of population),17.6,4.09519533,,,,..,6.81,6.81,,,,100,,
Turkmenistan,Central and Eastern Europe,70,5.548,0.04175,0.95847,1.22668,0.53886,0.4761,0.30844,0.16979,1.86984,2015,Developing,66.3,215,6,,0,99,0,48.6,7,99,,99,0.1,6432.668768,5565284,3.3,3.3,0.688,10.8,Poverty headcount ratio at national poverty lines (% of population),,6.49999991,35436.37132,,41.9,25.2328,6.3,6.3,3.954,25.2328,4,100,79.3,97.84790087
Mauritius,Sub-Saharan Africa,71,5.477,0.07197,1.00761,0.98521,0.7095,0.56066,0.07521,0.37744,1.76145,2015,Developing,74.6,146,0,,0,97,0,33.3,0,98,,97,0.1,9252.11724,126265,6.9,6.8,0.779,15.2,Poverty headcount ratio at national poverty lines (% of population),,3.55307173,28280.59898,2.0246,14.5,26.7934,5.38,5.38,7.40999985,26.7934,0.6,97.34584045,38.3,95.50608395
Hong Kong,Eastern Asia,72,5.474,0.05051,1.38604,1.05818,1.01328,0.59608,0.37124,0.39478,0.65429,,,,,,,,,,,,,,,,,,,,,,,,,,,,,,,,,,,,
Estonia,Central and Eastern Europe,73,5.429,0.04013,1.15174,1.22791,0.77361,0.44888,0.15184,0.0868,1.58782,2015,Developing,77.6,119,0,,0,91,4,59.9,0,93,,93,0.1,1774.9291,131547,1.9,1.9,0.863,16.5,Poverty headcount ratio at national poverty lines (% of population),21.7,1.84488518,23684.49249,3.4152,3.1,11.0712,,,6.1869998,11.0712,0.1,100,25,99.13277561
Indonesia,Southeastern Asia,74,5.399,0.02596,0.82827,1.08708,0.63793,0.46611,0,0.51535,1.86399,2015,Developing,69.1,176,114,,0,78,15099,27.4,136,8,,78,0.3,3336.16686,258162113,1.4,1.2,0.686,12.9,Poverty headcount ratio at national poverty lines (% of population),11.2,4.8763223,33612.49617,0.2738,27.8,48.6144,4.83,4.83,4.51399994,48.6144,7.1,97.53736744,112.4,69.37641292
Vietnam,Southeastern Asia,75,5.36,0.03107,0.63216,0.91226,0.74676,0.59444,0.10441,0.1686,2.20173,,,,,,,,,,,,,,,,,,,,,,Poverty headcount ratio at national poverty lines (% of population),,6.679288789,26840.97844,0.7963,21.5,32.9818,4.68,4.68,2.125,32.9818,1.6,99.7993927,64.5,80.08031187
Turkey,Middle East and Northern Africa,76,5.332,0.03864,1.06098,0.94632,0.73172,0.22815,0.15746,0.12253,2.08528,2015,Developing,75.8,16,15,,0,97,342,66.1,18,97,,97,0.1,1979.52569,78271472,4.9,4.8,0.764,14.5,Poverty headcount ratio at national poverty lines (% of population),14.3,6.085886632,23830.81438,1.7988,13,28.4326,4.65,4.65,10.2360001,28.4326,0.3,100,46.6,97.19435746
Kyrgyzstan,Central and Eastern Europe,77,5.286,0.03823,0.47428,1.15115,0.65088,0.43477,0.04232,0.3003,2.2327,2015,Developing,71.1,166,3,,0,97,17779,44.9,3,97,,97,0.1,,,3.3,3.4,0.662,13,,,,32201.0529,,,,5.34,5.34,,,,,,
Nigeria,Sub-Saharan Africa,78,5.268,0.04192,0.65435,0.90432,0.16007,0.34334,0.0403,0.27233,2.89319,2015,Developing,54.5,344,483,,0,49,12423,25.4,747,49,,49,3.7,2655.157977,181181744,9.8,9.7,0.525,10,Poverty headcount ratio at national poverty lines (% of population),,2.652693295,56809.56804,,126.8,111.218,6.76,6.76,4.31099987,111.218,68.6,52.5,307.4,37.6785349
Bhutan,Southern Asia,79,5.253,0.03225,0.77042,1.10395,0.57407,0.53206,0.15445,0.47998,1.63794,2015,Developing,69.8,211,0,,0,99,11,24.5,0,98,,99,0.5,2613.645177,787386,15.4,16,0.604,12.5,Poverty headcount ratio at national poverty lines (% of population),,6.642232105,30115.20821,0.3448,33.1,23.306,,,2.45000005,23.306,3.9,95.46472931,124.5,67.28510633
Azerbaijan,Central and Eastern Europe,80,5.212,0.03363,1.02389,0.93793,0.64045,0.3703,0.16065,0.07799,2.00073,2015,Developing,72.7,118,5,,0,96,0,52.5,6,98,,96,0.1,55.31382,9649341,2.8,2.9,0.758,12.7,Poverty headcount ratio at national poverty lines (% of population),,1.049546368,35187.25042,,26.3,53.1988,,,4.96000004,53.1988,1.1,100,63.9,92.45606505
Pakistan,Southern Asia,81,5.194,0.03726,0.59543,0.41411,0.51466,0.12102,0.10464,0.33671,3.10709,2015,Developing,66.4,161,352,,0,72,386,25.4,433,72,,72,0.1,1431.244865,18938513,19.2,19.6,0.548,8.1,Poverty headcount ratio at national poverty lines (% of population),24.3,4.731147475,47618.4566,0.9262,76.1,39.8832,8.69,8.69,3.56599998,39.8832,19.6,71.19741058,173.6,56.6379614
Jordan,Middle East and Northern Africa,82,5.192,0.04524,0.90198,1.05392,0.69639,0.40661,0.14293,0.11053,1.87996,2015,Developing,74.1,112,4,,0,99,0,65.6,4,99,,99,0.1,496.99275,915932,4,4,0.741,13.1,Poverty headcount ratio at national poverty lines (% of population),,2.391695959,24092.78006,2.8078,17.6,26.7598,5.97,5.97,13.0749998,26.7598,0.6,99.82182312,51.2,97.52729498
Montenegro,Central and Eastern Europe,82,5.192,0.05235,0.97438,0.90557,0.72521,0.1826,0.14296,0.1614,2.10017,2015,Developing,76.1,16,0,,0,82,0,61.8,0,89,,89,0.1,6461.192554,622159,1.8,1.8,0.804,15.1,Poverty headcount ratio at national poverty lines (% of population),24,3.390359875,24069.81715,2.3764,3.6,10.9198,,,17.5440006,10.9198,0.1,100,78.6,97.73458061
China,Eastern Asia,84,5.14,0.02424,0.89012,0.94675,0.81658,0.51697,0.02781,0.08185,1.8604,2015,Developing,76.1,85,157,,0,99,42361,32.9,183,99,,99,0.1,869.211938,137122,3.6,2.9,0.734,13.5,Poverty headcount ratio at national poverty lines (% of population),5.7,7.041856201,23340.27391,1.7732,10.7,7.5318,4.36,4.36,4.62900019,7.5318,0.6,100,112.7,81.6754051
Zambia,Sub-Saharan Africa,85,5.129,0.06988,0.47038,0.91612,0.29924,0.48827,0.12468,0.19591,2.6343,2015,Developing,61.8,33,27,,0,9,9,23.4,40,9,,9,4.1,1313.889646,161587,6.3,6.1,0.576,12.5,Poverty headcount ratio at national poverty lines (% of population),54.4,2.919980212,54721.21854,,68.5,126.7456,6.57,6.57,10.1049995,126.7456,34.9,31.1,127.2,25.97825783
Romania,Central and Eastern Europe,86,5.124,0.06607,1.04345,0.88588,0.7689,0.35068,0.00649,0.13748,1.93129,2015,Developed,75,133,2,,0,9,4,6.7,2,89,,89,0.1,8958.788593,19815481,2.5,2.7,0.798,14.7,Poverty headcount ratio at national poverty lines (% of population),25.3,3.871522323,27036.72046,,9.1,36.351,,,6.8119998,36.351,0.4,100,59.3,82.80963615
Serbia,Central and Eastern Europe,87,5.123,0.04864,0.92053,1.00964,0.74836,0.20107,0.02617,0.19231,2.025,2015,Developing,75.6,121,1,,0,94,383,6,1,95,,95,0.1,5237.255334,795383,2,2,0.775,14.4,Poverty headcount ratio at national poverty lines (% of population),25.9,1.776320973,26291.4122,2.4603,6.3,16.3292,4,4,17.6599998,16.3292,0.7,99.9,62.5,97.63535858
Portugal,Western Europe,88,5.102,0.04802,1.15991,1.13935,0.87519,0.51469,0.01078,0.13719,1.26462,2015,Developed,81.1,76,0,,0,98,8,61.6,0,98,,98,0.1,1922.681,135876,0.7,0.5,0.841,16.6,Poverty headcount ratio at national poverty lines (% of population),19,1.792046853,18952.82552,4.7487,3.6,9.5936,,,12.4440002,9.5936,0.2,100,9.8,99.44206601
Latvia,Central and Eastern Europe,89,5.098,0.0464,1.11312,1.09562,0.72437,0.29671,0.06332,0.18226,1.62215,2015,Developed,74.6,153,0,,0,94,0,61.2,0,95,,95,0.1,13666.58336,1977527,2.2,2.1,0.828,16,Poverty headcount ratio at national poverty lines (% of population),21.8,3.260524381,27436.30864,3.1656,5,15.8182,,,9.87300014,15.8182,0.1,100,41.3,91.41685799
Philippines,Southeastern Asia,90,5.073,0.04934,0.70532,1.03516,0.58114,0.62545,0.12279,0.24991,1.7536,2015,Developing,68.5,211,52,,0,6,619,25.4,66,79,,6,0.1,2878.33837,11716359,1,9.7,0.679,11.7,Poverty headcount ratio at national poverty lines (% of population),21.6,6.348309717,37650.36722,,29.8,55.404,5.65,5.65,3.06800008,55.404,4.2,89.08,185.2,74.26398135
Somaliland region,Sub-Saharan Africa,91,5.057,0.06161,0.18847,0.95152,0.43873,0.46582,0.39928,0.50318,2.11032,,,,,,,,,,,,,,,,,,,,,,,,,,,,,,,,,,,,
Morocco,Middle East and Northern Africa,92,5.013,0.0342,0.73479,0.64095,0.60954,0.41691,0.08546,0.07172,2.45373,2015,Developing,74.3,95,17,,0,99,17,58.5,20,99,,99,0.1,2847.285569,3483322,6.4,6.2,0.645,12.1,Poverty headcount ratio at national poverty lines (% of population),,4.536378168,32161.50537,,25.3,32.0676,7.7,7.7,9.46000004,32.0676,1.9,99.61175537,49.1,87.54453374
Macedonia,Central and Eastern Europe,93,5.007,0.05376,0.91851,1.00232,0.73545,0.33457,0.05327,0.22359,1.73933,,,,,,,,,,,,,,,,,,,,,,,,,24111.81719,,,,,,,,,,,
Mozambique,Sub-Saharan Africa,94,4.971,0.07896,0.08308,1.02626,0.09131,0.34037,0.15603,0.22269,3.05137,2015,Developing,57.6,355,60,,0,8,79,22.6,81,8,,8,3.9,528.3125597,281691,3.6,3.5,0.414,9.1,Poverty headcount ratio at national poverty lines (% of population),,6.72327878,71755.12549,0.0408,85.4,152.8336,,,3.42600012,152.8336,27.6,24,110,26.8693541
Albania,Central and Eastern Europe,95,4.959,0.05013,0.87867,0.80434,0.81325,0.35733,0.06413,0.14272,1.89894,2015,Developing,77.8,74,0,4.6,364.9752287,99,0,58,0,99,6,99,0.1,3954.22783,28873,1.2,1.3,0.762,14.2,Poverty headcount ratio at national poverty lines (% of population),,2.218752232,23329.70849,,9.6,20.0772,4.23,4.23,17.0799999,20.0772,0.2,100,68,97.69103397
Bosnia and Herzegovina,Central and Eastern Europe,96,4.949,0.06913,0.83223,0.91916,0.79081,0.09245,0.00227,0.24808,2.06367,2015,Developing,77.4,88,0,,0,82,1677,55.8,0,74,,82,0.1,4574.9787,3535961,2.3,2.3,0.747,14.2,Poverty headcount ratio at national poverty lines (% of population),16.9,3.088227143,24617.25322,2.1616,6.3,10.608,,,27.6940002,10.608,0.1,99.7,79.8,95.312937
Lesotho,Sub-Saharan Africa,97,4.898,0.09438,0.37545,1.04103,0.07612,0.31767,0.12504,0.16388,2.79832,2015,Developing,53.7,484,4,,0,93,0,32.6,6,9,,93,9.3,173.82893,2174645,5.5,5.3,0.495,10.7,Poverty headcount ratio at national poverty lines (% of population),,2.650144247,90403.288,,94.1,91.2404,5.48,5.48,24.3939991,91.2404,44.4,31.81505394,177.6,39.0626453
Dominican Republic,Latin America and Caribbean,98,4.885,0.07446,0.89537,1.17202,0.66825,0.57672,0.14234,0.21684,1.21305,2015,Developing,73.9,152,6,,0,81,0,58.9,7,87,,85,0.3,6468.471648,1528394,3.3,3.2,0.718,13.2,Poverty headcount ratio at national poverty lines (% of population),,6.927018772,31526.85737,,31.3,95.5912,4.5,4.5,7.60500002,95.5912,2.2,98.560364,43,83.18475915
Laos,Southeastern Asia,99,4.876,0.06698,0.59066,0.73803,0.54909,0.59591,0.24249,0.42192,1.73799,,,,,,,,,,,,,,,,,,,,,,,,,43987.04107,,,,,,,,,,,
Mongolia,Eastern Asia,100,4.874,0.03313,0.82819,1.3006,0.60268,0.43626,0.02666,0.3323,1.34759,2015,Developing,68.8,222,1,,0,99,20359,52.7,1,99,,99,0.1,3944.1839,2976877,2.2,2.3,0.733,14.8,Poverty headcount ratio at national poverty lines (% of population),,2.379835807,38621.57477,3.2194,20.2,29.2282,,,4.86100006,29.2282,1.3,88.04885101,155.9,57.98078314
Swaziland,Sub-Saharan Africa,101,4.867,0.08742,0.71206,1.07284,0.07566,0.30658,0.0306,0.18259,2.48676,2015,Developing,58.9,373,2,,0,9,0,32.3,3,84,,9,7.1,3136.92511,131911,4,4.1,0.541,11.4,,,,73841.98861,,,,,,,,,,,
Greece,Western Europe,102,4.857,0.05062,1.15406,0.92933,0.88213,0.07699,0.01397,0,1.80101,2015,Developing,81,72,0,,0,96,1,66.5,0,99,,99,0.1,187.78991,182883,0.8,0.7,0.865,17.2,Poverty headcount ratio at national poverty lines (% of population),21.2,-0.437833938,19689.15274,5.2527,4.4,7.7494,,,24.8969994,7.7494,0.1,100,27.6,98.97597163
Lebanon,Middle East and Northern Africa,103,4.839,0.04337,1.02564,0.80001,0.83947,0.33916,0.04582,0.21854,1.57059,2015,Developing,74.9,98,1,,0,81,39,66.1,1,75,,81,0.1,846.632851,5851479,4.9,4.9,0.763,13.3,Poverty headcount ratio at national poverty lines (% of population),,0.211611959,24668.66358,2.103,8.3,15.2896,,,6.35699987,15.2896,0.8,100,51.4,95.35936538
Hungary,Central and Eastern Europe,104,4.8,0.06107,1.12094,1.20215,0.75905,0.32112,0.02758,0.128,1.24074,2015,Developed,75.8,134,0,,0,,0,64.8,0,99,,99,0.1,12365.6263,984328,1.6,1.6,0.834,15.6,Poverty headcount ratio at national poverty lines (% of population),14.5,3.845557706,25950.0604,3.1178,5.1,22.5134,,,6.8130002,22.5134,0.2,100,38.8,97.99545475
Honduras,Latin America and Caribbean,105,4.788,0.05648,0.59532,0.95348,0.6951,0.40148,0.06825,0.23027,1.84408,2015,Developing,74.6,147,3,,0,97,0,51,4,97,,97,0.3,2326.15856,896829,2.1,2.1,0.623,11.2,Poverty headcount ratio at national poverty lines (% of population),52.2,3.840079971,32200.69195,,19.3,75.7848,,,6.14699984,75.7848,3.6,89.98171,60.7,79.21901154
Tajikistan,Central and Eastern Europe,106,4.786,0.03198,0.39047,0.85563,0.57379,0.47216,0.15072,0.22974,2.11399,2015,Developing,69.7,161,10,,0,96,3,4.7,11,96,,96,0.2,918.6771543,8548651,3.6,3.7,0.625,11.3,Poverty headcount ratio at national poverty lines (% of population),31.3,6.008287872,35751.67349,,37.7,54.4168,7.68,7.68,11.5010004,54.4168,2.7,98,129.3,96.12746211
Tunisia,Middle East and Northern Africa,107,4.739,0.03589,0.88113,0.60429,0.73793,0.26268,0.06358,0.06431,2.12466,2015,Developing,75.3,1,3,,0,98,16,61.2,3,98,,98,0.1,3828.91589,11273661,6.5,6.4,0.723,14.6,Poverty headcount ratio at national poverty lines (% of population),15.2,1.194541753,23974.05185,1.3108,17.2,7.7406,4.77,4.77,15.2180004,7.7406,1,99.9,56.1,90.29608163
Palestinian Territories,Middle East and Northern Africa,108,4.715,0.04394,0.59867,0.92558,0.66015,0.24499,0.12905,0.11251,2.04384,,,,,,,,,,,,,,,,,,,,,,,,,,,,,,,,,,,,
Bangladesh,Southern Asia,109,4.694,0.03077,0.39753,0.43106,0.60164,0.4082,0.12569,0.21222,2.51767,2015,Developing,71.8,129,92,,0,97,240,18.3,113,97,,97,0.1,121.15812,1612886,17.9,18.3,0.575,10.2,Poverty headcount ratio at national poverty lines (% of population),,6.552639879,34465.57367,0.4858,37.5,85.2192,5.62,5.62,4.37799978,85.2192,11.9,73.12796783,149,45.74216109
Iran,Middle East and Northern Africa,110,4.686,0.04449,1.0088,0.54447,0.69805,0.30033,0.05863,0.38086,1.6944,,,,,,,,,,,,,,,,,,,,,,,,,27906.5178,,,,,,,,,,,
Ukraine,Central and Eastern Europe,111,4.681,0.04412,0.79907,1.20278,0.6739,0.25123,0.02961,0.15275,1.5714,2015,Developing,71.3,195,4,,0,22,105,61.3,5,51,,23,0.2,2124.662666,4515429,2.3,2.4,0.748,15.3,Poverty headcount ratio at national poverty lines (% of population),6.4,-9.772960791,37431.74918,,9.5,25.4078,3.29,3.29,9.14000034,25.4078,0.3,100,70.7,96.21733034
Iraq,Middle East and Northern Africa,112,4.677,0.05232,0.98549,0.81889,0.60237,0,0.13788,0.17922,1.95335,2015,Developing,68.9,182,32,,0,56,1433,59.1,38,63,,58,0.1,4974.2693,36115649,5.3,5.1,0.649,10.1,Poverty headcount ratio at national poverty lines (% of population),,2.477664617,30561.18666,,29.5,74.837,7.88,7.88,10.7130003,74.837,3,99.35925293,75.1,90.74158978
South Africa,Sub-Saharan Africa,113,4.642,0.04585,0.92049,1.18468,0.27688,0.33207,0.08884,0.11973,1.71956,2015,Developing,62.9,328,42,,0,75,17,51.1,52,75,,75,3.6,5769.77258,5511976.68,4.4,5.3,0.665,13,Poverty headcount ratio at national poverty lines (% of population),,1.193732801,51775.17845,0.7814,37.1,69.5352,4.98,4.98,25.1560001,69.5352,13.7,85.5,86.7,73.89208403
Ghana,Sub-Saharan Africa,114,4.633,0.04742,0.54558,0.67954,0.40132,0.42342,0.04355,0.23087,2.30919,2015,Developing,62.4,249,37,,0,88,23,28.6,52,88,,88,0.7,1361.11395,27582821,6.2,6.1,0.575,11.4,Poverty headcount ratio at national poverty lines (% of population),,2.178206744,48514.91032,,54.6,68.677,5.09,5.09,6.80600023,68.677,18.8,75.71823883,203.8,17.14613673
Zimbabwe,Sub-Saharan Africa,115,4.61,0.0429,0.271,1.03276,0.33475,0.25861,0.08079,0.18987,2.44191,2015,Developing,67,336,22,,0,87,0,31.8,32,88,,87,6.2,118.69383,15777451,5.6,5.5,0.507,10.3,Poverty headcount ratio at national poverty lines (% of population),,1.779872703,61121.39843,0.1815,62,95.2182,5.53,5.53,5.30200005,95.2182,24.6,33.7,133,37.56810685
Liberia,Sub-Saharan Africa,116,4.571,0.11068,0.0712,0.78968,0.34201,0.28531,0.06232,0.24362,2.77729,2015,Developing,61.4,259,8,,0,52,1060,27.3,11,52,,52,0.9,452.38717,4499621,6.5,6.4,0.427,9.9,Poverty headcount ratio at national poverty lines (% of population),,0,57066.89249,0.0376,91,137.194,6.83,6.83,2.079,137.194,41.5,16.11073112,170.2,16.68808774
India,Southern Asia,117,4.565,0.02043,0.64499,0.38174,0.51529,0.39786,0.08492,0.26475,2.27513,2015,Developing,68.3,181,910,,0,87,90387,18.7,1100,86,,87,0.2,1613.18878,1395398,26.7,27.3,0.615,11.6,Poverty headcount ratio at national poverty lines (% of population),,7.996253444,40773.18631,,43.5,19.127,5.82,5.82,5.56500006,19.127,18.6,88,184.3,54.34514918
Sudan,Sub-Saharan Africa,118,4.55,0.0674,0.52107,1.01404,0.36878,0.10081,0.1466,0.19062,2.20857,2015,Developing,64.1,225,58,,0,93,3585,,85,93,,93,0.3,2513.884661,3864783,,,0.488,7.2,Poverty headcount ratio at national poverty lines (% of population),,4.906041879,40933.07202,0.4073,65.9,70.399,7.15,7.15,17.316,70.399,17.3,49.36792374,184.9,35.06823583
Haiti,Latin America and Caribbean,119,4.518,0.07331,0.26673,0.74302,0.38847,0.24425,0.17175,0.46187,2.24173,2015,Developing,63.5,24,14,,0,6,0,49.9,18,56,,6,0.5,814.5463952,171161,3.9,3.9,0.49,9.1,Poverty headcount ratio at national poverty lines (% of population),,1.224329778,51445.16551,0.0852,70.5,54.032,5.72,5.72,13.9650002,54.032,23.8,40.98445892,184.3,32.50172758
Congo (Kinshasa),Sub-Saharan Africa,120,4.517,0.0368,0,1.0012,0.09806,0.22605,0.07625,0.24834,2.86712,,,,,,,,,,,,,,,,,,,,,,,,,,,,,,,,,,,,
Nepal,Southern Asia,121,4.514,0.03607,0.35997,0.86449,0.56874,0.38282,0.05907,0.32296,1.95637,2015,Developing,69.2,165,17,,0,91,1599,19.1,21,9,,91,0.1,743.7653489,28656282,15.7,16.1,0.555,12.2,Poverty headcount ratio at national poverty lines (% of population),,3.322905439,37759.74866,,36.2,69.5002,5.66,5.66,1.47500002,69.5002,19.8,85.24436188,193.8,55.74051719
Ethiopia,Sub-Saharan Africa,122,4.512,0.0378,0.19073,0.60406,0.44055,0.4345,0.15048,0.24325,2.44876,2015,Developing,64.8,225,136,,0,77,17745,17.6,194,75,,77,0.6,645.4637627,9987333,1.4,1.2,0.441,8.4,Poverty headcount ratio at national poverty lines (% of population),23.5,10.39246302,43274.53826,,62.2,71.2274,5.85,5.85,2.19499993,71.2274,43.7,29,144.4,6.86379406
Sierra Leone,Sub-Saharan Africa,123,4.507,0.07068,0.33024,0.95571,0,0.4084,0.08786,0.21488,2.51009,2015,Developing,51,413,22,,0,86,607,24.4,30,86,,86,0.5,587.538233,723725,7.4,7.3,0.431,9.5,Poverty headcount ratio at national poverty lines (% of population),,-20.59877072,67203.42667,,138.3,118.3336,6.92,6.92,4.63700008,118.3336,81.3,19.65712738,324.1,14.93763698
Mauritania,Sub-Saharan Africa,124,4.436,0.03947,0.45407,0.86908,0.35874,0.24232,0.17461,0.219,2.11773,2015,Developing,63.1,25,8,,0,73,1,3.8,12,67,,73,0.9,1158.256469,4182341,7.8,7.5,0.513,8.5,Poverty headcount ratio at national poverty lines (% of population),,5.376339237,37552.12164,0.171,82.7,74.2362,,,9.75800037,74.2362,38.6,39.5,169.5,43.49986871
Kenya,Sub-Saharan Africa,125,4.419,0.04734,0.36471,0.99876,0.41435,0.42215,0.05839,0.37542,1.78555,2015,Developing,63.4,249,54,,0,89,95,22,75,83,,89,2.8,1349.97144,47236259,7.8,7.6,0.55,11.1,Poverty headcount ratio at national poverty lines (% of population),36.1,5.718507133,47944.53987,,49.6,79.508,5.42,5.42,2.79399991,79.508,51.2,41.6,78.1,29.54663237
Djibouti,Sub-Saharan Africa,126,4.369,0.08096,0.44025,0.59207,0.36291,0.46074,0.28105,0.18093,2.05125,2015,Developing,63.5,241,1,,0,84,47,35,1,84,,84,2.1,1862.167274,927414,5.6,5.4,0.47,6.3,Poverty headcount ratio at national poverty lines (% of population),,7.696085576,41637.72917,,65.3,19.9894,,,10.5839996,19.9894,31.3,57.5311203,159,61.09122736
Armenia,Central and Eastern Europe,127,4.35,0.04763,0.76821,0.77711,0.7299,0.19847,0.039,0.07855,1.75873,2015,Developing,74.8,118,1,,0,94,33,54.9,1,96,,94,0.1,369.654776,291695,2.1,2.2,0.741,12.7,Poverty headcount ratio at national poverty lines (% of population),29.8,3.2,25647.55599,2.9143,14.4,22.8308,4.54,4.54,18.2609997,22.8308,0.2,100,54.8,93.06060679
Botswana,Sub-Saharan Africa,128,4.332,0.04934,0.99355,1.10464,0.04776,0.49495,0.12474,0.10461,1.46181,2015,Developing,65.7,256,2,,0,95,0,37.9,2,96,,95,2.2,6532.651,229197,6.4,6.1,0.698,12.6,Poverty headcount ratio at national poverty lines (% of population),,-1.697965616,44111.52796,,41.2,46.8966,6.05,6.05,17.7469997,46.8966,11.8,58.1154747,101.3,74.76206577
Myanmar,Southeastern Asia,129,4.307,0.04351,0.27108,0.70905,0.48246,0.44017,0.19034,0.79588,1.41805,2015,Developing,66.6,199,39,,0,89,6,23.8,50,89,,89,0.3,1194.59137,5243669,12.8,13,0.552,9.1,Poverty headcount ratio at national poverty lines (% of population),32.1,6.99284029,40892.61273,,51.8,29.0358,5.36,5.36,0.76599997,29.0358,12.6,60.5,156.4,65.08818855
Georgia,Central and Eastern Europe,130,4.297,0.04221,0.7419,0.38562,0.72926,0.40577,0.38331,0.05547,1.59541,2015,Developing,74.4,129,1,,0,94,431,56.2,1,91,,94,0.1,3764.64912,37171,2.7,2.8,0.768,13.9,Poverty headcount ratio at national poverty lines (% of population),21.6,3.02220738,29296.9375,5.0055,10.5,48.504,,,16.5060005,48.504,0.2,99.99188995,101.8,90.49064298
Malawi,Sub-Saharan Africa,131,4.292,0.0613,0.01604,0.41134,0.22562,0.43054,0.06977,0.33128,2.80791,2015,Developing,58.3,365,26,,0,88,0,19.6,38,88,,88,4.8,362.6575444,1757367,6.4,6.2,0.473,10.8,Poverty headcount ratio at national poverty lines (% of population),,2.799999999,56319.32192,,53.8,137.2998,5.6,5.6,5.84600019,137.2998,28.3,10.8,115,25.58231452
Sri Lanka,Southern Asia,132,4.271,0.03751,0.83524,1.01905,0.70806,0.53726,0.09179,0.40828,0.67108,2015,Developing,74.9,138,3,,0,99,1568,23.4,3,99,,99,0.1,3844.89123,2966,15.1,15,0.764,14,Poverty headcount ratio at national poverty lines (% of population),,5.007683305,23395.13601,0.8624,8.7,21.2944,,,4.51900005,21.2944,1.2,94.07530212,79.8,94.43110246
Cameroon,Sub-Saharan Africa,133,4.252,0.04678,0.4225,0.88767,0.23402,0.49309,0.05786,0.20618,1.95071,2015,Developing,57.3,357,45,,0,84,1809,29,68,83,,84,3.5,1244.429421,22834522,5.6,5.5,0.514,10.4,Poverty headcount ratio at national poverty lines (% of population),,5.651463744,56421.80334,,88.5,111.8636,7.63,7.63,3.50600004,111.8636,45.2,58.71873474,208.1,38.85571305
Bulgaria,Central and Eastern Europe,134,4.218,0.04828,1.01216,1.10614,0.76649,0.30587,0.00872,0.11921,0.89991,2015,Developed,74.5,137,0,,0,92,0,65.7,1,91,,91,0.1,6993.47736,7177991,1.9,1.8,0.792,15,Poverty headcount ratio at national poverty lines (% of population),22.9,3.989526269,26690.34433,4.0332,8.1,41.4184,,,9.14299965,41.4184,0.1,100,61.8,85.98294162
Egypt,Middle East and Northern Africa,135,4.194,0.0326,0.8818,0.747,0.61712,0.17288,0.06324,0.11291,1.59927,2015,Developing,79,159,51,,0,93,5432,61.1,60,93,,93,0.1,,,2.8,2.8,0.688,13.1,,,,36215.90754,,,,4.97,4.97,,,,,,
Yemen,Middle East and Northern Africa,136,4.077,0.04367,0.54649,0.68093,0.40064,0.35571,0.07854,0.09131,1.92313,2015,Developing,65.7,224,37,,0,69,468,41.3,47,63,,69,0.1,,,13.6,13.4,0.499,9,,,,43427.31254,,,,8.39,8.39,,,,,,
Angola,Sub-Saharan Africa,137,4.033,0.04758,0.75778,0.8604,0.16683,0.10384,0.07122,0.12344,1.94939,2015,Developing,52.4,335,66,,0,64,118,23.3,98,7,,64,1.9,3695.793748,2785935,8.3,8.2,0.531,11.4,Poverty headcount ratio at national poverty lines (% of population),,0.943575613,53706.44394,,88.2,157.2756,6.38,6.38,7.28200006,157.2756,48.8,42,118.5,47.37447934
Mali,Sub-Saharan Africa,138,3.995,0.05602,0.26074,1.03526,0.20583,0.38857,0.12352,0.18798,1.79293,2015,Developing,58.2,266,52,,0,64,215,23.8,84,66,,64,1.5,729.725338,1746795,7.7,7.5,0.438,8.4,Poverty headcount ratio at national poverty lines (% of population),47.2,6.167479219,61825.0832,,108.6,173.0382,7.5,7.5,7.72900009,173.0382,70.7,37.6,209.1,36.1837947
Congo (Brazzaville),Sub-Saharan Africa,139,3.989,0.06682,0.67866,0.6629,0.31051,0.41466,0.11686,0.12388,1.68135,,,,,,,,,,,,,,,,,,,,,,,,,,,,,,,,,,,,
Comoros,Sub-Saharan Africa,140,3.956,0.04797,0.23906,0.79273,0.36315,0.22917,0.199,0.17441,1.95812,2015,Developing,63.5,227,1,,0,91,0,24.2,2,92,,91,0.8,727.6463868,777424,6.7,6.5,0.498,11.1,Poverty headcount ratio at national poverty lines (% of population),,1.116140583,39404.0606,,71.9,68.989,6.72,6.72,4.49300003,68.989,50.7,74.42545319,172.4,35.81526768
Uganda,Sub-Saharan Africa,141,3.931,0.04317,0.21102,1.13299,0.33861,0.45727,0.07267,0.29066,1.42766,2015,Developing,62.3,291,66,,0,78,478,18.5,93,82,,78,3.1,693.8963829,414487,5.6,5.6,0.488,10,Poverty headcount ratio at national poverty lines (% of population),,5.187859863,49575.58184,0.0954,56.1,124.0568,6.31,6.31,1.85899997,124.0568,31.6,18.5,155.7,18.42463657
Senegal,Sub-Saharan Africa,142,3.904,0.03608,0.36498,0.97619,0.4354,0.36772,0.10713,0.20843,1.44395,2015,Developing,66.7,188,19,,0,89,58,24.3,26,85,,89,0.3,98.7256145,14976994,9.5,9.3,0.491,9.5,Poverty headcount ratio at national poverty lines (% of population),,6.367043651,42739.46934,0.2074,52.8,77.0754,13,13,6.75699997,77.0754,23.9,60.5,160.7,50.08593779
Gabon,Sub-Saharan Africa,143,3.896,0.04547,1.06024,0.90528,0.43372,0.31914,0.11091,0.06822,0.99895,2015,Developing,66,229,2,,0,8,27,36.3,3,79,,8,2.7,7388.984144,193175,6.1,5.9,0.694,12.6,Poverty headcount ratio at national poverty lines (% of population),,3.878899395,45510.24787,,49.8,100.2026,6.03,6.03,20.2600002,100.2026,20.6,89.64735413,76,47.31676563
Niger,Sub-Saharan Africa,144,3.845,0.03602,0.0694,0.77265,0.29707,0.47692,0.15639,0.19387,1.87877,2015,Developing,61.8,22,49,,0,65,7693,19.3,87,65,,65,0.4,358.99731,19896965,9.6,9.4,0.351,5.4,Poverty headcount ratio at national poverty lines (% of population),,4.367782715,57528.42025,0.0472,94,192.22,7.45,7.45,0.51499999,192.22,70.8,16.6,251.8,12.75141462
Cambodia,Southeastern Asia,145,3.819,0.05069,0.46038,0.62736,0.61114,0.66246,0.07247,0.40359,0.98195,2015,Developing,68.7,174,10,,0,89,0,19.6,12,87,,89,0.2,1163.18977,15517635,1.9,1.9,0.558,10.9,Poverty headcount ratio at national poverty lines (% of population),,7.036087179,37896.83577,,31.6,49.6326,5.51,5.51,0.39300001,49.6326,6.5,68.81590271,149.8,53.38575143
Tanzania,Sub-Saharan Africa,146,3.781,0.05061,0.2852,1.00268,0.38215,0.32878,0.05747,0.34377,1.38079,,,,,,,,,,,,,,,,,,,,,,Poverty headcount ratio at national poverty lines (% of population),,6.160628774,46906.78232,,57.9,120.295,6.86,6.86,2.10299993,120.295,38.4,26.52727509,139,26.86948427
Madagascar,Sub-Saharan Africa,147,3.681,0.03633,0.20824,0.66801,0.46721,0.19184,0.08124,0.21333,1.851,2015,Developing,65.5,22,28,,0,69,3,2.5,38,71,,69,0.3,41.8575951,2423488,7.1,7.1,0.511,10.3,Poverty headcount ratio at national poverty lines (% of population),,3.132295888,53466.75792,,57.9,113.7668,5.78,5.78,1.78499997,113.7668,30.2,20.24713707,159.6,9.739278835
Central African Republic,Sub-Saharan Africa,148,3.678,0.06112,0.0785,0,0.06699,0.48879,0.08289,0.23835,2.7223,2015,Developing,52.5,397,15,,0,47,150,22.7,21,47,,47,4.4,348.381417,45461,8.2,8.2,0.347,7.1,Poverty headcount ratio at national poverty lines (% of population),,4.33712103,99924.85104,0.0721,126.7,132.8304,,,3.86400008,132.8304,82.1,24.10929489,211.9,25.18311162
Chad,Sub-Saharan Africa,149,3.667,0.0383,0.34193,0.76062,0.1501,0.23501,0.05269,0.18386,1.94296,2015,Developing,53.1,356,46,,0,46,418,19.1,77,52,,46,2.8,777.248751,149413,8.5,8.4,0.394,7.3,Poverty headcount ratio at national poverty lines (% of population),,2.767675685,65492.24321,0.0493,129.4,167.942,7.88,7.88,1.83299994,167.942,101,7.7,280.1,8.840377126
Guinea,Sub-Saharan Africa,150,3.656,0.0359,0.17417,0.46475,0.24009,0.37725,0.12139,0.28657,1.99172,2015,Developing,59,284,26,,0,54,243,23.3,40,42,,54,0.5,554.48766,1291533,7.3,7.3,0.414,8.8,Poverty headcount ratio at national poverty lines (% of population),,3.825922386,63420.04066,0.0855,107.9,139.5256,8.32,8.32,4.43400002,139.5256,44.6,33.93186569,243.3,21.06094929
Ivory Coast,Sub-Saharan Africa,151,3.655,0.05141,0.46534,0.77115,0.15185,0.46866,0.17922,0.20165,1.41723,,,,,,,,,,,,,,,,,,,,,,,,,,,,,,,,,,,,
Burkina Faso,Sub-Saharan Africa,152,3.587,0.04324,0.25812,0.85188,0.27125,0.39493,0.12832,0.21747,1.46494,2015,Developing,59.9,26,38,,0,91,99,19.4,61,91,,91,0.6,615.592225,1811624,8,7.5,0.399,7.7,Poverty headcount ratio at national poverty lines (% of population),,3.9125572,60428.68513,0.0657,100.7,108.7606,,,6.41800022,108.7606,49.6,16.30467415,206.2,18.82599308
Afghanistan,Southern Asia,153,3.575,0.03084,0.31982,0.30285,0.30335,0.23414,0.09719,0.3651,1.9521,2015,Developing,65,263,62,0.01,71.27962362,65,1154,19.1,83,6,8.16,65,0.1,584.25921,33736494,17.2,17.3,0.479,10.1,Poverty headcount ratio at national poverty lines (% of population),,1.451314655,63274.70776,0.285,70.4,81.693,9.81,9.81,11.3870001,81.693,13.9,71.5,211.1,40.70770701
Rwanda,Sub-Saharan Africa,154,3.465,0.03464,0.22208,0.7737,0.42864,0.59201,0.55191,0.22628,0.67042,2015,Developing,66.1,227,11,,0,98,1,21.4,15,99,,98,0.4,71.348397,11629553,5.7,5.7,0.493,10.8,Poverty headcount ratio at national poverty lines (% of population),,8.868309542,42154.83421,0.1129,41.5,39.6864,5.32,5.32,1.14300001,39.6864,19.3,22.8,121.4,64.23988414
Benin,Sub-Saharan Africa,155,3.34,0.03656,0.28665,0.35386,0.3191,0.4845,0.0801,0.1826,1.63328,2015,Developing,60,249,25,,0,82,55,25.7,39,78,,82,1,783.94791,1575952,6.9,6.8,0.481,10.7,Poverty headcount ratio at national poverty lines (% of population),40.1,1.77815106,52954.55757,,99.6,90.2036,7.21,7.21,2.58200002,90.2036,59.7,37.70040131,205,16.01174081
Syria,Middle East and Northern Africa,156,3.006,0.05015,0.6632,0.47489,0.72193,0.15684,0.18906,0.47179,0.32858,,,,,,,,,,,,,,,,,,,,,,,,,45749.75031,,,,,,,,,,,
Burundi,Sub-Saharan Africa,157,2.905,0.08658,0.0153,0.41587,0.22396,0.1185,0.10062,0.19727,1.83302,2015,Developing,59.6,288,21,,0,94,9,18.7,31,94,,94,0.7,33.681223,119927,7.3,7.2,0.406,10.6,Poverty headcount ratio at national poverty lines (% of population),,-3.900003086,57937.68929,0.05,67.2,57.63,5.96,5.96,1.55200005,57.63,65.4,8.631607056,179.9,45.87571014
Togo,Sub-Saharan Africa,158,2.839,0.06727,0.20868,0.13995,0.28443,0.36453,0.10731,0.16681,1.56726,2015,Developing,59.9,287,13,,0,88,20,24.3,20,88,,88,1,551.138346,741682,6.5,6.2,0.484,12,Poverty headcount ratio at national poverty lines (% of population),55.1,5.742868453,53078.73907,0.0493,75.8,90.1494,6.84,6.84,2.204,90.1494,41.6,45.13739395,249.6,15.29687902